,images
0,images/1.jpg
1,images/10.jpg
2,images/100.jpg
3,images/101.jpg
4,images/102.jpg
5,images/103.jpg
6,images/104.jpg
7,images/105.jpg
8,images/106.jpg
9,images/107.jpg
10,images/108.jpg
11,images/109.jpg
12,images/11.jpg
13,images/110.jpg
14,images/111.jpg
15,images/112.jpg
16,images/113.jpg
17,images/114.jpg
18,images/115.jpg
19,images/116.jpg
20,images/117.jpg
21,images/118.jpg
22,images/119.jpg
23,images/12.jpg
24,images/120.jpg
25,images/121.jpg
26,images/122.jpg
27,images/123.jpg
28,images/124.jpg
29,images/125.jpg
30,images/126.jpg
31,images/127.jpg
32,images/128.jpg
33,images/129.jpg
34,images/13.jpg
35,images/130.jpg
36,images/131.jpg
37,images/132.jpg
38,images/133.jpg
39,images/134.jpg
40,images/135.jpg
41,images/136.jpg
42,images/137.jpg
43,images/138.jpg
44,images/139.jpg
45,images/14.jpg
46,images/140.jpg
47,images/141.jpg
48,images/142.jpg
49,images/143.jpg
50,images/144.jpg
51,images/145.jpg
52,images/146.jpg
53,images/147.jpg
54,images/148.jpg
55,images/149.jpg
56,images/15.jpg
57,images/150.jpg
58,images/151.jpg
59,images/152.jpg
60,images/153.jpg
61,images/154.jpg
62,images/155.jpg
63,images/156.jpg
64,images/157.jpg
65,images/158.jpg
66,images/159.jpg
67,images/16.jpg
68,images/160.jpg
69,images/161.jpg
70,images/162.jpg
71,images/17.jpg
72,images/18.jpg
73,images/19.jpg
74,images/2.jpg
75,images/20.jpg
76,images/21.jpg
77,images/22.jpg
78,images/23.jpg
79,images/24.jpg
80,images/25.jpg
81,images/26.jpg
82,images/27.jpg
83,images/28.jpg
84,images/29.jpg
85,images/3.jpg
86,images/30.jpg
87,images/31.jpg
88,images/32.jpg
89,images/33.jpg
90,images/34.jpg
91,images/35.jpg
92,images/36.jpg
93,images/37.jpg
94,images/38.jpg
95,images/39.jpg
96,images/4.jpg
97,images/40.jpg
98,images/41.jpg
99,images/42.jpg
100,images/43.jpg
101,images/44.jpg
102,images/45.jpg
103,images/46.jpg
104,images/47.jpg
105,images/48.jpg
106,images/49.jpg
107,images/5.jpg
108,images/50.jpg
109,images/51.jpg
110,images/52.jpg
111,images/53.jpg
112,images/54.jpg
113,images/55.jpg
114,images/56.jpg
115,images/57.jpg
116,images/58.jpg
117,images/59.jpg
118,images/6.jpg
119,images/60.jpg
120,images/61.jpg
121,images/62.jpg
122,images/63.jpg
123,images/64.jpg
124,images/65.jpg
125,images/66.jpg
126,images/67.jpg
127,images/68.jpg
128,images/69.jpg
129,images/7.jpg
130,images/70.jpg
131,images/71.jpg
132,images/72.jpg
133,images/73.jpg
134,images/74.jpg
135,images/75.jpg
136,images/76.jpg
137,images/77.jpg
138,images/78.jpg
139,images/79.jpg
140,images/8.jpg
141,images/80.jpg
142,images/81.jpg
143,images/82.jpg
144,images/83.jpg
145,images/84.jpg
146,images/85.jpg
147,images/86.jpg
148,images/87.jpg
149,images/88.jpg
150,images/89.jpg
151,images/9.jpg
152,images/90.jpg
153,images/91.jpg
154,images/92.jpg
155,images/93.jpg
156,images/94.jpg
157,images/95.jpg
158,images/96.jpg
159,images/97.jpg
160,images/98.jpg
161,images/99.jpg
